body,lambda_deg
Sun,100.738889
Moon,114.105847
Mercury,79.199999
Venus,138.681598
Mars,55.736762
Jupiter,342.692778
Saturn,310.053977