{
  "report_metadata": {
    "timestamp": "2025-09-27T02:04:01.822829",
    "analyzer_version": "1.0.0",
    "baseline_data_source": "baseline_ephemeris_study.json"
  },
  "tropical_sidereal_analysis": {
    "total_charts_analyzed": 4,
    "ayanamsa_consistency_rate": 1.0,
    "average_ayanamsa_error_arcmin": 2.142857251641317e-06,
    "maximum_ayanamsa_error_arcmin": 8.571428153913985e-06,
    "chart_differences": [
      {
        "chart_id": 1,
        "ayanamsa": 24.084666,
        "planet_differences": {
          "Sun": {
            "tropical": 295.058545,
            "sidereal": 270.973879,
            "difference": 24.08466599999997,
            "expected_ayanamsa": 24.084666,
            "actual_difference": 24.08466599999997,
            "within_1_arcmin": true,
            "within_5_arcmin": true
          },
          "Moon": {
            "tropical": 293.674803,
            "sidereal": 269.590137,
            "difference": 24.08466599999997,
            "expected_ayanamsa": 24.084666,
            "actual_difference": 24.08466599999997,
            "within_1_arcmin": true,
            "within_5_arcmin": true
          },
          "Mercury": {
            "tropical": 283.536633,
            "sidereal": 259.451967,
            "difference": 24.08466599999997,
            "expected_ayanamsa": 24.084666,
            "actual_difference": 24.08466599999997,
            "within_1_arcmin": true,
            "within_5_arcmin": true
          },
          "Venus": {
            "tropical": 341.240154,
            "sidereal": 317.155488,
            "difference": 24.084666000000027,
            "expected_ayanamsa": 24.084666,
            "actual_difference": 24.084666000000027,
            "within_1_arcmin": true,
            "within_5_arcmin": true
          },
          "Mars": {
            "tropical": 342.008692,
            "sidereal": 317.924026,
            "difference": 24.08466599999997,
            "expected_ayanamsa": 24.084666,
            "actual_difference": 24.08466599999997,
            "within_1_arcmin": true,
            "within_5_arcmin": true
          },
          "Jupiter": {
            "tropical": 41.15126,
            "sidereal": 17.066594,
            "difference": 24.084666000000002,
            "expected_ayanamsa": 24.084666,
            "actual_difference": 24.084666000000002,
            "within_1_arcmin": true,
            "within_5_arcmin": true
          },
          "Saturn": {
            "tropical": 206.920883,
            "sidereal": 182.836217,
            "difference": 24.084666,
            "expected_ayanamsa": 24.084666,
            "actual_difference": 24.084666,
            "within_1_arcmin": true,
            "within_5_arcmin": true
          }
        }
      },
      {
        "chart_id": 2,
        "ayanamsa": 24.161672,
        "planet_differences": {
          "Sun": {
            "tropical": 119.905535,
            "sidereal": 95.743863,
            "difference": 24.161671999999996,
            "expected_ayanamsa": 24.161672,
            "actual_difference": 24.161671999999996,
            "within_1_arcmin": true,
            "within_5_arcmin": true
          },
          "Moon": {
            "tropical": 205.222312,
            "sidereal": 181.06064,
            "difference": 24.16167199999998,
            "expected_ayanamsa": 24.161672,
            "actual_difference": 24.16167199999998,
            "within_1_arcmin": true,
            "within_5_arcmin": true
          },
          "Mercury": {
            "tropical": 146.705729,
            "sidereal": 122.544057,
            "difference": 24.161671999999996,
            "expected_ayanamsa": 24.161672,
            "actual_difference": 24.161671999999996,
            "within_1_arcmin": true,
            "within_5_arcmin": true
          },
          "Venus": {
            "tropical": 91.25043,
            "sidereal": 67.088758,
            "difference": 24.161671999999996,
            "expected_ayanamsa": 24.161672,
            "actual_difference": 24.161671999999996,
            "within_1_arcmin": true,
            "within_5_arcmin": true
          },
          "Mars": {
            "tropical": 31.244941,
            "sidereal": 7.083269,
            "difference": 24.161672000000003,
            "expected_ayanamsa": 24.161672,
            "actual_difference": 24.161672000000003,
            "within_1_arcmin": true,
            "within_5_arcmin": true
          },
          "Jupiter": {
            "tropical": 203.434789,
            "sidereal": 179.273116,
            "difference": 24.161673000000008,
            "expected_ayanamsa": 24.161672,
            "actual_difference": 24.161673000000008,
            "within_1_arcmin": true,
            "within_5_arcmin": true
          },
          "Saturn": {
            "tropical": 259.875528,
            "sidereal": 235.713856,
            "difference": 24.16167199999998,
            "expected_ayanamsa": 24.161672,
            "actual_difference": 24.16167199999998,
            "within_1_arcmin": true,
            "within_5_arcmin": true
          }
        }
      },
      {
        "chart_id": 3,
        "ayanamsa": 24.068093,
        "planet_differences": {
          "Sun": {
            "tropical": 225.662142,
            "sidereal": 201.594049,
            "difference": 24.068092999999976,
            "expected_ayanamsa": 24.068093,
            "actual_difference": 24.068092999999976,
            "within_1_arcmin": true,
            "within_5_arcmin": true
          },
          "Moon": {
            "tropical": 348.070873,
            "sidereal": 324.00278,
            "difference": 24.068093000000033,
            "expected_ayanamsa": 24.068093,
            "actual_difference": 24.068093000000033,
            "within_1_arcmin": true,
            "within_5_arcmin": true
          },
          "Mercury": {
            "tropical": 241.001072,
            "sidereal": 216.932979,
            "difference": 24.068093000000005,
            "expected_ayanamsa": 24.068093,
            "actual_difference": 24.068093000000005,
            "within_1_arcmin": true,
            "within_5_arcmin": true
          },
          "Venus": {
            "tropical": 179.131967,
            "sidereal": 155.063874,
            "difference": 24.068093000000005,
            "expected_ayanamsa": 24.068093,
            "actual_difference": 24.068093000000005,
            "within_1_arcmin": true,
            "within_5_arcmin": true
          },
          "Mars": {
            "tropical": 171.049962,
            "sidereal": 146.981869,
            "difference": 24.068093000000005,
            "expected_ayanamsa": 24.068093,
            "actual_difference": 24.068093000000005,
            "within_1_arcmin": true,
            "within_5_arcmin": true
          },
          "Jupiter": {
            "tropical": 5.019433,
            "sidereal": 340.95134,
            "difference": 24.068092999999976,
            "expected_ayanamsa": 24.068093,
            "actual_difference": 24.068092999999976,
            "within_1_arcmin": true,
            "within_5_arcmin": true
          },
          "Saturn": {
            "tropical": 190.268733,
            "sidereal": 166.20064,
            "difference": 24.068093000000005,
            "expected_ayanamsa": 24.068093,
            "actual_difference": 24.068093000000005,
            "within_1_arcmin": true,
            "within_5_arcmin": true
          }
        }
      },
      {
        "chart_id": 4,
        "ayanamsa": 24.491646,
        "planet_differences": {
          "Sun": {
            "tropical": 351.743922,
            "sidereal": 327.252276,
            "difference": 24.491646000000003,
            "expected_ayanamsa": 24.491646,
            "actual_difference": 24.491646000000003,
            "within_1_arcmin": true,
            "within_5_arcmin": true
          },
          "Moon": {
            "tropical": 205.460025,
            "sidereal": 180.968379,