{
  "Sun": 255.963486,
  "Moon": 36.899713,
  "Mercury": 275.405214,
  "Venus": 292.934481,
  "Mars": 158.171698,
  "Jupiter": 282.463814,
  "Saturn": 145.396341
}