{
  "calculated_ayanamsa": 24.042222,
  "reference_ayanamsa": 23.452361,
  "difference_arcsec": 2123.4995999999965
}