{
  "Sun": 280.005708,
  "Moon": 60.941935,
  "Mercury": 299.447436,
  "Venus": 316.976703,
  "Mars": 182.21392,
  "Jupiter": 306.506036,
  "Saturn": 169.438563
}