{
  "Sun": 76.524413,
  "Moon": 90.804657,
  "Mercury": 54.985411,
  "Venus": 114.466791,
  "Mars": 31.520635,
  "Jupiter": 318.475692,
  "Saturn": 285.836985
}