{
  "Sun": 100.741156,
  "Moon": 115.0214,
  "Mercury": 79.202155,
  "Venus": 138.683535,
  "Mars": 55.737378,
  "Jupiter": 342.692436,
  "Saturn": 310.053729
}