{
  "calculated_ayanamsa": 24.216743,
  "reference_ayanamsa": 24.069,
  "difference_arcsec": 531.8748000000071
}