{
  "Sun": 255.632612,
  "Moon": 197.869961,
  "Mercury": 247.152755,
  "Venus": 216.828238,
  "Mars": 303.227887,
  "Jupiter": 0.517175,
  "Saturn": 15.659484
}