{
  "Sun": 280.372839,
  "Moon": 222.610189,
  "Mercury": 271.892982,
  "Venus": 241.568465,
  "Mars": 327.968115,
  "Jupiter": 25.257403,
  "Saturn": 40.399712
}