{
  "Sun": 280.813403,
  "Moon": 293.680928,
  "Mercury": 259.870467,
  "Venus": 327.709844,
  "Mars": 121.919283,
  "Jupiter": 73.215261,
  "Saturn": 344.523812
}