{
  "Sun": 255.724163,
  "Moon": 268.591688,
  "Mercury": 234.781227,
  "Venus": 302.620604,
  "Mars": 96.830044,
  "Jupiter": 48.126021,
  "Saturn": 319.434572
}