{
  "calculated_ayanamsa": 25.08924,
  "reference_ayanamsa": 24.442,
  "difference_arcsec": 2330.0640000000003
}